id,name,model_id:id,group_id:id,perm_read,perm_write,perm_create,perm_unlink
access_tutoring_student_teacher,tutoring.student.teacher,model_tutoring_student,group_teacher,1,1,1,1
access_tutoring_topic_teacher,tutoring.topic.teacher,model_tutoring_topic,group_teacher,1,1,1,1
access_tutoring_session_teacher,tutoring.session.teacher,model_tutoring_session,group_teacher,1,1,1,1
access_tutoring_homework_teacher,tutoring.homework.teacher,model_tutoring_homework,group_teacher,1,1,1,1
access_tutoring_exam_teacher,tutoring.exam.teacher,model_tutoring_exam,group_teacher,1,1,1,1
access_tutoring_exam_line_teacher,tutoring.exam.line.teacher,model_tutoring_exam_line,group_teacher,1,1,1,1
access_tutoring_knowledge_point_teacher,tutoring.knowledge.point.teacher,model_tutoring_knowledge_point,group_teacher,1,1,1,1
access_tutoring_student_point_teacher,tutoring.student.point.teacher,model_tutoring_student_point,group_teacher,1,1,1,1
access_tutoring_mistake_teacher,tutoring.mistake.teacher,model_tutoring_mistake,group_teacher,1,1,1,1
access_tutoring_mistake_cause_teacher,tutoring.mistake.cause.teacher,model_tutoring_mistake_cause,group_teacher,1,1,1,1
access_tutoring_workbook_teacher,tutoring.workbook.teacher,model_tutoring_workbook,group_teacher,1,1,1,1
access_tutoring_workbook_file_teacher,tutoring.workbook.file.teacher,model_tutoring_workbook_file,group_teacher,1,1,1,1
access_tutoring_workbook_page_teacher,tutoring.workbook.page.teacher,model_tutoring_workbook_page,group_teacher,1,0,1,1
access_tutoring_workbook_goto_teacher,tutoring.workbook.goto.teacher,model_tutoring_workbook_goto,group_teacher,1,1,1,1
access_tutoring_mistake_quickadd_teacher,tutoring.mistake.quickadd.teacher,model_tutoring_mistake_quickadd,group_teacher,1,1,1,1
access_tutoring_student_portal,tutoring.student.portal,model_tutoring_student,base.group_portal,1,0,0,0
access_tutoring_topic_portal,tutoring.topic.portal,model_tutoring_topic,base.group_portal,1,0,0,0
access_tutoring_session_portal,tutoring.session.portal,model_tutoring_session,base.group_portal,1,0,0,0
access_tutoring_homework_portal,tutoring.homework.portal,model_tutoring_homework,base.group_portal,1,0,0,0
access_tutoring_exam_portal,tutoring.exam.portal,model_tutoring_exam,base.group_portal,1,0,0,0
access_tutoring_exam_line_portal,tutoring.exam.line.portal,model_tutoring_exam_line,base.group_portal,1,0,0,0
access_tutoring_knowledge_point_portal,tutoring.knowledge.point.portal,model_tutoring_knowledge_point,base.group_portal,1,0,0,0
access_tutoring_student_point_portal,tutoring.student.point.portal,model_tutoring_student_point,base.group_portal,1,0,0,0
access_tutoring_mistake_portal,tutoring.mistake.portal,model_tutoring_mistake,base.group_portal,1,1,1,0
access_tutoring_mistake_cause_portal,tutoring.mistake.cause.portal,model_tutoring_mistake_cause,base.group_portal,1,0,0,0
access_tutoring_workbook_portal,tutoring.workbook.portal,model_tutoring_workbook,base.group_portal,1,0,0,0
access_tutoring_workbook_file_portal,tutoring.workbook.file.portal,model_tutoring_workbook_file,base.group_portal,1,0,0,0
access_tutoring_library_item_user,tutoring.library.item.user,model_tutoring_library_item,base.group_user,1,1,1,1
access_tutoring_library_item_portal,tutoring.library.item.portal,model_tutoring_library_item,base.group_portal,1,1,1,1
access_tutoring_library_tag_user,tutoring.library.tag.user,model_tutoring_library_tag,base.group_user,1,1,1,0
access_tutoring_library_tag_portal,tutoring.library.tag.portal,model_tutoring_library_tag,base.group_portal,1,1,1,0
access_tutoring_library_folder_user,tutoring.library.folder.user,model_tutoring_library_folder,base.group_user,1,1,1,1
access_tutoring_library_folder_portal,tutoring.library.folder.portal,model_tutoring_library_folder,base.group_portal,1,1,1,1
access_tutoring_mistake_ai_job_teacher,tutoring.mistake.ai.job.teacher,model_tutoring_mistake_ai_job,group_teacher,1,0,1,0
access_tutoring_mistake_ai_job_portal,tutoring.mistake.ai.job.portal,model_tutoring_mistake_ai_job,base.group_portal,1,0,1,0
access_tutoring_plot_ai_call_user,tutoring.plot.ai.call.user,model_tutoring_plot_ai_call,base.group_user,1,0,1,0
access_tutoring_plot_ai_call_portal,tutoring.plot.ai.call.portal,model_tutoring_plot_ai_call,base.group_portal,1,0,1,0
access_tutoring_time_task_teacher,tutoring.time.task.teacher,model_tutoring_time_task,group_teacher,1,1,1,1
access_tutoring_time_session_teacher,tutoring.time.session.teacher,model_tutoring_time_session,group_teacher,1,1,1,1
access_tutoring_time_pool_item_teacher,tutoring.time.pool.item.teacher,model_tutoring_time_pool_item,group_teacher,1,1,1,1
access_tutoring_time_device_teacher,tutoring.time.device.teacher,model_tutoring_time_device,group_teacher,1,1,1,1
access_tutoring_time_sync_teacher,tutoring.time.sync.teacher,model_tutoring_time_sync,group_teacher,1,1,1,1
access_tutoring_time_task_user,tutoring.time.task.user,model_tutoring_time_task,base.group_user,1,1,1,0
access_tutoring_time_session_user,tutoring.time.session.user,model_tutoring_time_session,base.group_user,1,1,1,0
access_tutoring_time_pool_item_user,tutoring.time.pool.item.user,model_tutoring_time_pool_item,base.group_user,1,1,1,0
access_tutoring_time_device_user,tutoring.time.device.user,model_tutoring_time_device,base.group_user,1,1,1,0
access_tutoring_time_sync_user,tutoring.time.sync.user,model_tutoring_time_sync,base.group_user,1,1,1,0
access_tutoring_time_task_portal,tutoring.time.task.portal,model_tutoring_time_task,base.group_portal,1,1,1,0
access_tutoring_time_session_portal,tutoring.time.session.portal,model_tutoring_time_session,base.group_portal,1,1,1,0
access_tutoring_time_pool_item_portal,tutoring.time.pool.item.portal,model_tutoring_time_pool_item,base.group_portal,1,1,1,0
access_tutoring_time_device_portal,tutoring.time.device.portal,model_tutoring_time_device,base.group_portal,1,1,1,0
access_tutoring_time_sync_portal,tutoring.time.sync.portal,model_tutoring_time_sync,base.group_portal,1,1,1,0
